model,threshold,macro_f05,precision,recall,false_positives,false_negatives,avg_matches_per_s1
LogisticRegression,0.3,0.8834,0.9532,0.8081,415,2008,2.955
LogisticRegression,0.35,0.8854,0.9585,0.8063,365,2027,2.932
LogisticRegression,0.4,0.8867,0.9621,0.8045,332,2046,2.915
LogisticRegression,0.45,0.8878,0.9656,0.8024,299,2068,2.897
LogisticRegression,0.5,0.8895,0.9695,0.8007,264,2086,2.879
LogisticRegression,0.55,0.8904,0.9716,0.7982,244,2112,2.864
LogisticRegression,0.6,0.8911,0.9751,0.7948,212,2147,2.841
LogisticRegression,0.65,0.891,0.9778,0.7908,188,2189,2.819
LogisticRegression,0.7,0.8905,0.9812,0.7864,158,2235,2.794
LogisticRegression,0.75,0.8901,0.9834,0.7828,138,2273,2.775
LogisticRegression,0.8,0.8873,0.9846,0.7746,127,2359,2.743
LogisticRegression,0.85,0.8839,0.9867,0.763,108,2480,2.696
LogisticRegression,0.9,0.8766,0.9895,0.7456,83,2662,2.627
LogisticRegression,0.95,0.8688,0.9923,0.7258,59,2870,2.55
XGBoost,0.3,0.8204,0.8409,0.8117,1607,1971,3.365
XGBoost,0.35,0.8263,0.8522,0.8109,1472,1979,3.317
XGBoost,0.4,0.8315,0.8625,0.8098,1351,1990,3.273
XGBoost,0.45,0.8362,0.873,0.8089,1232,2000,3.23
XGBoost,0.5,0.8398,0.8806,0.8073,1145,2017,3.196
XGBoost,0.55,0.8447,0.8901,0.8059,1041,2031,3.156
XGBoost,0.6,0.849,0.8985,0.8034,950,2057,3.117
XGBoost,0.65,0.8527,0.9066,0.8019,865,2073,3.084
XGBoost,0.7,0.8555,0.9147,0.799,780,2103,3.045
XGBoost,0.75,0.8601,0.9231,0.797,695,2124,3.01
XGBoost,0.8,0.8638,0.9319,0.7927,606,2169,2.965
XGBoost,0.85,0.8684,0.9435,0.787,493,2229,2.908
XGBoost,0.9,0.8711,0.955,0.7758,383,2346,2.832
XGBoost,0.95,0.8651,0.9703,0.7495,240,2621,2.693
